Method,Example,Potential Consequences,Additional Information,Relevant Legislation,Potential Solutions,Examples of Companies Involved in Tax Avoidance Scandals
Offshore accounts and trusts,Transferring assets or income to an offshore account or trust in a country with lower tax rates,"The UK government may investigate the individual or business for tax avoidance and impose penalties if it determines that the offshore arrangements were designed specifically to avoid paying tax. This could include fines, back taxes, and possibly even criminal charges.","Offshore trusts and accounts can be used to hold a variety of assets, including investments, property, and business assets. These arrangements can be complex and may require the services of a lawyer or financial advisor to set up. They can also be costly to maintain, as they may require annual fees and ongoing professional advice.","The UK has laws in place to prevent tax avoidance through the use of offshore trusts and accounts, including the Anti-Avoidance Rule and the Disclosure of Tax Avoidance Schemes (DOTAS) rules.","The UK government has implemented a number of measures to combat offshore tax avoidance, including the introduction of the Common Reporting Standard (CRS) which requires financial institutions to report on the financial accounts of non-resident individuals and entities, and the introduction of the Diverted Profits Tax (DPT) which targets companies that attempt to shift profits offshore to avoid paying taxes. The government has also committed to working with other countries to exchange information and tackle offshore tax avoidance.","Some well-known companies that have been involved in offshore tax avoidance scandals include Amazon, Google, and Starbucks."
Claiming excessive deductions,Claiming deductions for charitable donations or business expenses that are not legitimate,"The individual or business may be required to pay back any overclaimed deductions, along with interest and possibly penalties. In severe cases, the individual or business may be charged with tax evasion and face criminal charges.","Claiming deductions for charitable donations or business expenses can be a legitimate way of reducing taxable income, but it is important to ensure that all claims are accurate and supported by documentation. Claiming excessive or fraudulent deductions can be considered tax evasion.","The UK has laws in place to prevent tax evasion through the claiming of excessive or fraudulent deductions, including the Fraud Act 2006 and the Taxation (International and Other Provisions) Act 2010.","The government could consider strengthening penalties for those who intentionally claim excessive or fraudulent deductions, and increasing resources for investigating and prosecuting tax evasion cases. It could also consider providing clearer guidance on what types of donations and expenses are eligible for deductions, and establishing stronger verification processes for such claims.","It is difficult to identify specific companies that have been involved in claiming excessive deductions, as this type of tax avoidance is often done on an individual basis rather than by companies. However, individuals who have been caught claiming excessive or fraudulent deductions have included celebrities such as Jimmy Carr and Gary Lineker."
Transfer pricing,Setting artificially high or low prices for goods or services traded between related companies in different countries in order to shift profits from one country to another,"The company may be required to pay back any taxes avoided, along with interest and possibly penalties, if it is determined that the transfer pricing arrangements were made specifically to avoid paying tax. This could also result in the company being charged with tax evasion.","Transfer pricing is a common practice among multinational companies, and can be a legitimate way of allocating profits among different countries. However, it can also be used as a way of avoiding taxes by shifting profits to countries with lower tax rates. This can be difficult to detect and can lead to significant losses in tax revenue for the countries where the profits were originally earned.","The UK has laws in place to prevent tax avoidance through transfer pricing, including the Transfer of Taxation Rules (ToT) which allow HM Revenue and Customs to adjust the prices of goods and services traded between related companies in order to ensure that the correct amount of tax is paid.",The government could consider strengthening the ToT rules or introducing similar measures to ensure that transfer pricing arrangements are not being used as a way of avoiding taxes. It could also consider working with other countries to exchange information and coordinate efforts to tackle transfer pricing avoidance.,"Some well-known companies that have been involved in transfer pricing avoidance scandals include Apple, Microsoft, and Nike."
Double Irish Arrangement,"Setting up two companies in different countries, such as Ireland and the Netherlands, and transferring profits between them","The company may be required to pay back any taxes avoided, along with interest and possibly penalties, if it is determined that the double Irish arrangement was made specifically to avoid paying tax. This could also result in the company being charged with tax evasion.",The double Irish arrangement is a tax avoidance strategy used by multinational companies to reduce their corporate tax liability by shifting profits from one country to another. It involves setting up two companies in different countries and then transferring profits between them. This can be difficult to detect and can lead to significant losses in tax revenue for the countries where the profits were originally earned.,"The UK has laws in place to prevent tax avoidance through the use of offshore trusts and accounts, including the Anti-Avoidance Rule and the Disclosure of Tax Avoidance Schemes (DOTAS) rules.",The government could consider strengthening these rules or introducing similar measures to ensure that double Irish arrangements are not being used as a way of avoiding taxes. It could also consider working with other countries to exchange information and coordinate efforts to tackle tax avoidance through double Irish arrangements.,"Some well-known companies that have been involved in double Irish arrangement tax avoidance scandals include Apple, Google, and Microsoft."
Patent Box,Paying a reduced rate of corporation tax on profits earned from patented inventions or products,"The company may be required to pay back any taxes avoided, along with interest and possibly penalties, if it is determined that the patent box arrangement was made specifically to avoid paying tax. This could also result in the company being charged with tax evasion.","The patent box is a tax incentive that allows companies to pay a reduced rate of corporation tax on profits earned from patented inventions or products. It is intended to encourage innovation and support businesses that invest in research and development. However, it can also be used as a way of avoiding taxes by shifting profits to countries with lower tax rates. This can be difficult to detect and can lead to significant losses in tax revenue for the countries where the profits were originally earned.","The UK has laws in place to prevent tax avoidance through the use of the patent box, including the Patent Box Rules and the Disclosure of Tax Avoidance Schemes (DOTAS) rules.",The government could consider strengthening these rules or introducing similar measures to ensure that the patent box is not being used as a way of avoiding taxes. It could also consider working with other countries to exchange information and coordinate efforts to tackle tax avoidance through the patent box.,"Some well-known companies that have been involved in patent box tax avoidance scandals include Apple, Google, and Microsoft."
Capital Gains Tax Exemption,"Avoiding paying capital gains tax on certain investments, such as shares or property, when they are sold for a profit","The individual may be required to pay back any taxes avoided, along with interest and possibly penalties, if it is determined that the capital gains tax exemption was used specifically to avoid paying tax. This could also result in the individual being charged with tax evasion.","The capital gains tax exemption is a tax exemption that allows individuals to avoid paying capital gains tax on certain investments when they are sold for a profit. It is intended to encourage investment and support economic growth. However, it can also be used as a way of avoiding taxes by transferring assets into exempt investments or by selling assets shortly before the exemption period ends. This can be difficult to detect and can lead to significant losses in tax revenue for the country.","The UK has laws in place to prevent tax avoidance through the use of the capital gains tax exemption, including the Capital Gains Tax Act 1979 and the Taxation of Chargeable Gains Act 1992.",The government could consider strengthening these laws or introducing similar measures to ensure that the capital gains tax exemption is not being used as a way of avoiding taxes. It could also consider providing clearer guidance on what types of investments are eligible for the exemption and establishing stronger verification processes for such claims.,
Non-Domiciled Status,Avoiding paying taxes on worldwide income and capital gains in the UK by claiming non-domiciled status,"The individual may be required to pay back any taxes avoided, along with interest and possibly penalties, if it is determined that the non-domiciled status was used specifically to avoid paying tax. This could also result in the individual being charged with tax evasion.","Non-domiciled status is a status granted to individuals who do not have their permanent residence in the UK but still have some form of connection with the country, such as owning property or having business interests there. It allows them to avoid paying taxes on their worldwide income and capital gains in the UK. However, it can also be used as a way of avoiding taxes by transferring assets or income to non-domiciled individuals or entities. This can be difficult to detect and can lead to significant losses in tax revenue for the country.","The UK has laws in place to prevent tax evasion through the use of non-domiciled status, including the Income Tax Act 2007 and the Non-Domicile Rules.",The government could consider strengthening these laws or introducing similar measures to ensure that non-domiciled status is not being used as a way of avoiding taxes. It could also consider providing clearer guidance on what types of connections with the UK are required to qualify for non-domiciled status and establishing stronger verification processes for such claims.,"It is difficult to identify specific companies that have been involved in tax avoidance through non-domiciled status, as this type of tax avoidance is often done on an individual basis rather than by companies. However, individuals who have been caught avoiding taxes through non-domiciled status have included celebrities such as Roman Abram"
Offshore Trusts,Avoiding paying taxes on income and capital gains in the UK by transferring assets into offshore trusts located in jurisdictions such as the Cayman Islands or Jersey,"The individual or company may be required to pay back any taxes avoided, along with interest and possibly penalties, if it is determined that the offshore trusts were used specifically to avoid paying tax. This could also result in the individual or company being charged with tax evasion.",Offshore trusts are trusts set up in offshore jurisdictions which allow individuals to avoid paying taxes on their income and capital gains in the UK by transferring assets into these trusts. This can be difficult to detect and can lead to significant losses in tax revenue for the country.,"The UK has laws in place to prevent tax evasion through the use of offshore trusts, including the Taxation of Chargeable Gains Act 1992 and the Tax Avoidance Schemes Regulations.",The government could consider strengthening these laws or introducing similar measures to ensure that offshore trusts are not being used as a way of avoiding taxes. It could also consider working with other countries to exchange information and coordinate efforts to tackle tax avoidance through offshore trusts.,"Some well-known companies that have been involved in offshore trust tax avoidance scandals include Amazon, Google, and Starbucks."
Capital gains tax avoidance,Transferring assets to a spouse or other family member before selling them in order to avoid paying capital gains tax,"The individual may be required to pay back any tax savings, along with interest and possibly penalties, if it is determined that the asset transfer was made specifically to avoid paying tax. This could also result in the individual being charged with tax evasion.","Capital gains tax is levied on the profit made from the sale of certain assets, such as property or shares. Transferring assets to a family member before selling them can be a way of avoiding this tax, but it may be deemed as a tax avoidance scheme if the transfer was made specifically to avoid paying tax. It is important to note that transferring assets to a spouse or civil partner is generally not considered tax avoidance.","The UK has laws in place to prevent tax evasion through the avoidance of capital gains tax, including the Taxation of Chargeable Gains Act 1992.","The government could consider strengthening penalties for those who intentionally use asset transfers as a way of avoiding capital gains tax. It could also consider making it more difficult to transfer assets to family members in order to avoid paying tax, while still allowing legitimate transfers such as those made to a spouse or civil partner.","It is difficult to identify specific companies that have been involved in capital gains tax avoidance, as this type of tax avoidance is often done on an individual basis rather than by companies. However, individuals who have been caught avoiding capital gains tax have included celebrities such as Jimmy Carr and Gary Lineker."
Personal service companies,Receiving payment through a personal service company rather than as an individual,"The individual may be required to pay back any tax savings, along with interest and possibly penalties, if it is determined that the personal service company was set up specifically to avoid paying tax. This could also result in the individual being charged with tax evasion.","Personal service companies are often used by contractors or freelancers who work for multiple clients. They can offer some benefits, such as allowing the individual to choose their own tax rate, but they also come with additional responsibilities such as filing annual accounts and tax returns. Personal service companies may be scrutinized by the UK government to ensure that they are not being used as a way of avoiding paying taxes.","The UK has laws in place to prevent tax evasion through the use of personal service companies, including the IR35 legislation which applies to contractors who work through a personal service company.",The government could consider strengthening the IR35 legislation or introducing similar measures to ensure that personal service companies are not being used as a way of avoiding taxes. It could also consider providing clearer guidance to individuals and businesses on the appropriate use of personal service companies.,Some well-known companies that have been accused of using personal service companies to avoid paying taxes include the BBC and HSBC.
Controlled Foreign Companies (CFCs),Avoiding paying taxes on income and capital gains in the UK by transferring assets into companies set up in low-tax jurisdictions outside of the UK,"The company may be required to pay back any taxes avoided, along with interest and possibly penalties, if it is determined that the controlled foreign companies (CFCs) were used specifically to avoid paying tax. This could also result in the company being charged with tax evasion.",Controlled foreign companies (CFCs) are companies set up in low-tax jurisdictions outside of the UK which allow individuals to avoid paying taxes on their income and capital gains in the UK by transferring assets into these companies. This can be difficult to detect and can lead to significant losses in tax revenue for the country.,"The UK has laws in place to prevent tax evasion through the use of CFCs, including the Controlled Foreign Companies (CFC) Rules and the Tax Avoidance Schemes Regulations.",The government could consider strengthening these laws or introducing similar measures to ensure that CFCs are not being used as a way of avoiding taxes. It could also consider working with other countries to exchange information and coordinate efforts to tackle tax avoidance through CFCs.,"Some well-known companies that have been involved in CFC tax avoidance scandals include Amazon, Google, and Starbucks."
Thin Capitalization Rules,Reducing taxable income and overall tax liability by using debt for financing purposes relative to equity capitalization,"The company may be required to pay back any taxes avoided, along with interest and possibly penalties, if it is determined that the thin capitalization rules were used specifically to avoid paying tax. This could also result in the company being charged with tax evasion.","Thin capitalization rules are rules that limit how much debt a company can use for financing purposes relative to its equity capitalization. They are intended to prevent companies from using excessive levels of debt financing in order to reduce their taxable income and overall tax liability. However, they can also be used as a way of avoiding taxes by manipulating the ratio of debt to equity financing. This can be difficult to detect and can lead to significant losses in tax revenue for the country.","The UK has laws in place to prevent tax evasion through the use of thin capitalization rules, including the Thin Capitalization Rules and the Tax Avoidance Schemes Regulations.",The government could consider strengthening these laws or introducing similar measures to ensure that thin capitalization rules are not being used as a way of avoiding taxes. It could also consider providing clearer guidance on what constitutes excessive levels of debt financing and establishing stronger verification processes for such claims.,Some well-known companies that have been involved
Interest Deduction Rules,Reducing taxable income and overall tax liability by deducting interest payments made on loans from taxable income,"The company may be required to pay back any taxes avoided, along with interest and possibly penalties, if it is determined that the interest deduction rules were used specifically to avoid paying tax. This could also result in the company being charged with tax evasion.","Interest deduction rules are rules that allow companies to deduct interest payments made on loans from their taxable income. They are intended to support businesses that rely on borrowing to finance their operations and investments. However, they can also be used as a way of avoiding taxes by manipulating the level and timing of interest payments. This can be difficult to detect and can lead to significant losses in tax revenue for the country.","The UK has laws in place to prevent tax evasion through the use of interest deduction rules, including the Interest Deduction Rules and the Tax Avoidance Schemes Regulations.",The government could consider strengthening these laws or introducing similar measures to ensure that interest deduction rules are not being used as a way of avoiding taxes. It could also consider providing clearer guidance on what types of interest payments are eligible for deduction and establishing stronger verification processes for such claims.,"Some well-known companies that have been involved in interest deduction rule tax avoidance scandals include Amazon, Google, and Starbucks."
Royalty Payments,"Avoiding taxes on profits earned from intellectual property rights, such as patents or trademarks, by making royalty payments to a company or individual located in a country with lower tax rates","The company may be required to pay back any taxes avoided, along with interest and possibly penalties, if it is determined that the royalty payments were used specifically to avoid paying tax. This could also result in the company being charged with tax evasion.",Royalty payments are payments made by one company (the licensor) to another (the licensee) for using intellectual property rights such as patents or trademarks owned by the licensor. They can be used as a way of avoiding taxes on profits earned from those rights in certain countries where they may be taxed at higher rates than elsewhere. This can be difficult to detect and can lead to significant losses in tax revenue for the country.,"The UK has laws in place to prevent tax evasion through the use of royalty payments, including the Royalty Payment Rules and the Tax Avoidance Schemes Regulations.",The government could consider strengthening these laws or introducing similar measures to ensure that royalty payments are not being used as a way of avoiding taxes. It could also consider working with other countries to exchange information and coordinate efforts to tackle tax avoidance through royalty payments.,"Some well-known companies that have been involved in royalty payment tax avoidance scandals include Amazon, Google, and Starbucks."
Double Taxation Treaties,Avoiding double taxation of income earned within two countries' borders by claiming relief against one country's taxes for taxes paid in another country,"The individual or company may be required to pay back any taxes avoided, along with interest and possibly penalties, if it is determined that the double taxation treaties were used specifically to avoid paying tax. This could also result in the individual or company being charged with tax evasion.","Double taxation treaties are agreements between two countries that aim to prevent double taxation of income earned within both countries' borders by allowing taxpayers who earn income within both countries' borders to claim relief against double taxation through credits or deductions against one country's taxes for taxes paid in another country. However, they can also be used as a way of avoiding taxes by manipulating the timing and location of income. This can be difficult to detect and can lead to significant losses in tax revenue for the country.","The UK has laws in place to prevent tax evasion through the use of double taxation treaties, including the Double Taxation Treaty Rules and the Tax Avoidance Schemes Regulations.",The government could consider strengthening these laws or introducing similar measures to ensure that double taxation treaties are not being used as a way of avoiding taxes. It could also consider working with other countries to exchange information and coordinate efforts to tackle tax avoidance through double taxation treaties.,"Some well-known companies that have been involved in double taxation treaty tax avoidance scandals include Amazon, Google, and Starbucks."
Tax Havens,Reducing overall tax liabilities through various means such as setting up offshore trusts or holding companies in jurisdictions with low or no taxation,"The individual or company may be required to pay back any taxes avoided, along with interest and possibly penalties, if it is determined that tax havens were used specifically to avoid paying tax. This could also result in the individual or company being charged with tax evasion.",Tax havens are jurisdictions with low or no taxation which allow individuals and corporations alike to reduce their overall tax liabilities through various means such as setting up offshore trusts or holding companies. This can be difficult to detect and can lead to significant losses in tax revenue for the country.,"The UK has laws in place to prevent tax evasion through the use of tax havens, including the Tax Haven Rules and the Tax Avoidance Schemes Regulations.",The government could consider strengthening these laws or introducing similar measures to ensure that tax havens are not being used as a way of avoiding taxes. It could also consider working with other countries to exchange information and coordinate efforts to tackle tax avoidance through tax havens.,"Some well-known companies that have been involved in tax haven tax avoidance scandals include Amazon, Google, and Starbucks."
Offshore Bank Accounts,Avoiding taxes on interest earned from deposits held in offshore bank accounts located in countries with lower tax rates,"The individual or company may be required to pay back any taxes avoided, along with interest and possibly penalties, if it is determined that offshore bank accounts were used specifically to avoid paying tax. This could also result in the individual or company being charged with tax evasion.",Offshore bank accounts are bank accounts held outside of an individual's home country which can be used as a way of avoiding taxes on interest earned from deposits held within those accounts. This can be difficult to detect and can lead to significant losses in tax revenue for the country.,"The UK has laws in place to prevent tax evasion through the use of offshore bank accounts, including the Offshore Bank Account Rules and the Tax Avoidance Schemes Regulations.",The government could consider strengthening these laws or introducing similar measures to ensure that offshore bank accounts are not being used as a way of avoiding taxes. It could also consider working with other countries to exchange information and coordinate efforts to tackle tax avoidance through offshore bank accounts.,"Some well-known companies that have been involved in offshore bank account tax avoidance scandals include Amazon, Google, and Starbucks."
Venture Capital Trusts (VCTs),Reducing overall tax liabilities through generous tax relief incentives for investing in small businesses,"The individual or company may be required to pay back any taxes avoided, along with interest and possibly penalties, if it is determined that the VCTs were used specifically to avoid paying tax. This could also result in the individual or company being charged with tax evasion.",Venture capital trusts (VCTs) are trusts set up specifically for investing in small businesses which offer generous tax relief incentives for investors who put money into them. This can be difficult to detect and can lead to significant losses in tax revenue for the country.,"The UK has laws in place to prevent tax evasion through the use of VCTs, including the Venture Capital Trust Rules and the Tax Avoidance Schemes Regulations.",The government could consider strengthening these laws or introducing similar measures to ensure that VCTs are not being used as a way of avoiding taxes. It could also consider providing clearer guidance on what constitutes a small business and establishing stronger verification processes for such claims.,"Some well-known companies that have been involved in VCT tax avoidance scandals include Amazon, Google, and Starbucks."
Enterprise Investment Schemes (EIS),"Reducing overall tax liabilities through generous tax relief incentives for investing in small businesses, as well as additional benefits such as loss relief if the investment fails","The individual or company may be required to pay back any taxes avoided, along with interest and possibly penalties, if it is determined that the EISs were used specifically to avoid paying tax. This could also result in the individual or company being charged with tax evasion.","Enterprise investment schemes (EISs) are similar to VCTs in that they offer generous tax relief incentives for investing in small businesses, but they also provide additional benefits such as loss relief if the investment fails. This can be difficult to detect and can lead to significant losses in tax revenue for the country.","The UK has laws in place to prevent tax evasion through the use of EISs, including the Enterprise Investment Scheme Rules and the Tax Avoidance Schemes Regulations.",The government could consider strengthening these laws or introducing similar measures to ensure that EISs are not being used as a way of avoiding taxes. It could also consider providing clearer guidance on what constitutes a small business and establishing stronger verification processes for such claims.,"Some well-known companies that have been involved in EIS tax avoidance scandals include Amazon, Google, and Starbucks."
Self-Invested Personal Pensions (SIPPs),Reducing overall tax liabilities through tax relief incentives for investing in personal pensions,"The individual or company may be required to pay back any taxes avoided, along with interest and possibly penalties, if it is determined that the SIPPs were used specifically to avoid paying tax. This could also result in the individual or company being charged with tax evasion.",Self-invested personal pensions (SIPPs) are personal pensions that allow individuals to have more control over the investments in their pension scheme. They offer tax relief incentives for investing in personal pensions. This can be difficult to detect and can lead to significant losses in tax revenue for the country.,"The UK has laws in place to prevent tax evasion through the use of SIPPs, including the Self-Invested Personal Pension Rules and the Tax Avoidance Schemes Regulations.",The government could consider strengthening these laws or introducing similar measures to ensure that SIPPs are not being used as a way of avoiding taxes. It could also consider providing clearer guidance on what constitutes a personal pension and establishing stronger verification processes for such claims.,"Some well-known companies that have been involved in SIPP tax avoidance scandals include Amazon, Google, and Starbucks."
Employee Share Schemes,Reducing taxable income by purchasing shares at discounted rates and selling them at a later date,"The individual may be required to pay back any taxes avoided, along with interest and possibly penalties, if it is determined that the employee share schemes were used specifically to avoid paying tax. This could also result in the individual being charged with tax evasion.","Employee share schemes are schemes set up by employers which allow employees to purchase shares at discounted rates, thus reducing their overall taxable income when they sell those shares at a later date. This can be difficult to detect and can lead to significant losses in tax revenue for the country.","The UK has laws in place to prevent tax evasion through the use of employee share schemes, including the Employee Share Scheme Rules and the Tax Avoidance Schemes Regulations.",The government could consider strengthening these laws or introducing similar measures to ensure that employee share schemes are not being used as a way of avoiding taxes. It could also consider providing clearer guidance on what constitutes an employee share scheme and establishing stronger verification processes for such claims.,"Some well-known companies that have been involved in employee share scheme tax avoidance scandals include Amazon, Google, and Starbucks."
Base Erosion and Profit Shifting (BEPS),Reducing corporate tax liability by shifting profits from countries with high tax rates to countries with lower tax rates,"The company may be required to pay back any taxes avoided, along with interest and possibly penalties, if it is determined that BEPS was used specifically to avoid paying tax. This could also result in the company being charged with tax evasion.",Base erosion and profit shifting (BEPS) is a tax avoidance strategy used by multinational companies to reduce their corporate tax liability by shifting profits from countries with high tax rates to countries with lower tax rates. This is done through various means such as transferring assets or intellectual property to lower-tax countries or engaging in intercompany transactions that artificially inflate prices for goods and services sold between related entities.,"The UK has laws in place to prevent tax evasion through the use of BEPS, including the Base Erosion and Profit Shifting Rules and the Tax Avoidance Schemes Regulations.",The government could consider strengthening these laws or introducing similar measures to ensure that BEPS is not being used as a way of avoiding taxes. It could also consider providing clearer guidance on what constitutes BEPS and establishing stronger verification processes for such claims.,"Some well-known companies that have been involved in BEPS tax avoidance scandals include Amazon, Google, and Starbucks."
Use of Limited Partnerships,Reducing tax liability by setting up limited partnerships in countries with lower tax rates and transferring assets or profits to those partnerships,"The individual or company may be required to pay back any taxes avoided, along with interest and possibly penalties, if it is determined that limited partnerships were used specifically to avoid paying tax. This could also result in the individual or company being charged with tax evasion.",The use of limited partnerships is a tax avoidance strategy used by individuals or companies to reduce their tax liability by setting up limited partnerships in countries with lower tax rates and transferring assets or profits to those partnerships. This can be difficult to detect and can lead to significant losses in tax revenue for the country.,"The UK has laws in place to prevent tax evasion through the use of limited partnerships, including the Limited Partnership Rules and the Tax Avoidance Schemes Regulations.",The government could consider strengthening these laws or introducing similar measures to ensure that limited partnerships are not being used as a way of avoiding taxes. It could also consider providing clearer guidance on what constitutes a limited partnership and establishing stronger verification processes for such claims.,"Some well-known companies that have been involved in limited partnership tax avoidance scandals include Amazon, Google, and Starbucks."
Use of Transfer Pricing Agreements,Reducing corporate tax liability by entering into transfer pricing agreements with related entities in countries with lower tax rates,"The company may be required to pay back any taxes avoided, along with interest and possibly penalties, if it is determined that transfer pricing agreements were used specifically to avoid paying tax. This could also result in the company being charged with tax evasion.","The use of transfer pricing agreements is a tax avoidance strategy used by multinational companies to reduce their corporate tax liability by entering into transfer pricing agreements with related entities in countries with lower tax rates, thus artificially inflating prices for goods and services sold between those entities. This can be difficult to detect and can lead to significant losses in tax revenue",,,
Use of Hybrid Mismatch Arrangements,Reducing corporate tax liability by exploiting differences in tax rules between countries and structuring transactions in a way that allows them to claim tax deductions or exemptions in multiple countries,"The company may be required to pay back any taxes avoided, along with interest and possibly penalties, if it is determined that hybrid mismatch arrangements were used specifically to avoid paying tax. This could also result in the company being charged with tax evasion.",The use of hybrid mismatch arrangements is a tax avoidance strategy used by multinational companies to reduce their corporate tax liability by exploiting differences in tax rules between countries and structuring transactions in a way that allows them to claim tax deductions or exemptions in multiple countries. This can be difficult to detect and can lead to significant losses in tax revenue for the country.,"The UK has laws in place to prevent tax evasion through the use of hybrid mismatch arrangements, including the Hybrid Mismatch Rules and the Tax Avoidance Schemes Regulations.",The government could consider strengthening these laws or introducing similar measures to ensure that hybrid mismatch arrangements are not being used as a way of avoiding taxes. It could also consider providing clearer guidance on what constitutes a hybrid mismatch arrangement and establishing stronger verification processes for such claims.,"Some well-known companies that have been involved in hybrid mismatch arrangement tax avoidance scandals include Amazon, Google, and Starbucks."
Use of Intangibles,Reducing corporate tax liability by transferring ownership of intangible assets such as patents or trademarks to subsidiaries in countries with lower tax rates and then charging the subsidiaries for the use of those assets,"The company may be required to pay back any taxes avoided, along with interest and possibly penalties, if it is determined that intangibles were used specifically to avoid paying tax. This could also result in the company being charged with tax evasion.",The use of intangibles is a tax avoidance strategy used by multinational companies to reduce their corporate tax liability by transferring ownership of intangible assets such as patents or trademarks to subsidiaries in countries with lower tax rates and then charging the subsidiaries for the use of those assets. This can be difficult to detect and can lead to significant losses in tax revenue for the country.,"The UK has laws in place to prevent tax evasion through the use of intangibles, including the Intangibles Rules and the Tax Avoidance Schemes Regulations.",The government could consider strengthening these laws or introducing similar measures to ensure that intangibles are not being used as a way of avoiding taxes. It could also consider providing clearer guidance on what constitutes an intangible and establishing stronger verification processes for such claims.,"Some well-known companies that have been involved in intangible tax avoidance scandals include Amazon, Google, and Starbucks."
Use of Royalties,Reducing corporate tax liability by artificially inflating the value of royalties paid to subsidiaries in countries with lower tax rates,"The company may be required to pay back any taxes avoided, along with interest and possibly penalties, if it is determined that royalties were used specifically to avoid paying tax. This could also result in the company being charged with tax evasion.",The use of royalties is a tax avoidance strategy used by multinational companies to reduce their corporate tax liability by artificially inflating the value of royalties paid to subsidiaries in countries with lower tax rates. This can be difficult to detect and can lead to significant losses in tax revenue for the country.,"The UK has laws in place to prevent tax evasion through the use of royalties, including the Royalties Rules and the Tax Avoidance Schemes Regulations.",The government could consider strengthening these laws or introducing similar measures to ensure that royalties are not being used as a way of avoiding taxes. It could also consider providing clearer guidance on what constitutes a royalty and establishing stronger verification processes for such claims.,"Some well-known companies that have been involved in royalty tax avoidance scandals include Amazon, Google, and Starbucks."
Use of Partnerships,Reducing tax liability by setting up partnerships in countries with lower tax rates and transferring assets or profits to those partnerships,"The individual or company may be required to pay back any taxes avoided, along with interest and possibly penalties, if it is determined that partnerships were used specifically to avoid paying tax. This could also result in the individual or company being charged with tax evasion.",The use of partnerships is a tax avoidance strategy used by individuals or companies to reduce their tax liability by setting up partnerships in countries with lower tax rates and transferring assets or profits to those partnerships. This can be difficult to detect and can lead to significant losses in tax revenue for the country.,"The UK has laws in place to prevent tax evasion through the use of partnerships, including the Partnerships Rules and the Tax Avoidance Schemes Regulations.",The government could consider strengthening these laws or introducing similar measures to ensure that partnerships are not being used as a way of avoiding taxes. It could also consider providing clearer guidance on what constitutes a partnership and establishing stronger verification processes for such claims.,"Some well-known companies that have been involved in partnership tax avoidance scandals include Amazon, Google, and Starbucks."
Use of Holding Companies,Reducing corporate tax liability by setting up holding companies in countries with lower tax rates and transferring assets or profits to those companies,"The company may be required to pay back any taxes avoided, along with interest and possibly penalties, if it is determined that holding companies were used specifically to avoid paying tax. This could also result in the company being charged with tax evasion.",The use of holding companies is a tax avoidance strategy used by multinational companies to reduce their corporate tax liability by setting up holding companies in countries with lower tax rates and transferring assets or profits to those companies. This can be difficult to detect and can lead to significant losses in tax revenue for the country.,"The UK has laws in place to prevent tax evasion through the use of holding companies, including the Holding Company Rules and the Tax Avoidance Schemes Regulations.",The government could consider strengthening these laws or introducing similar measures to ensure that holding companies are not being used as a way of avoiding taxes. It could also consider providing clearer guidance on what constitutes a holding company and establishing stronger verification processes for such claims.,"Some well-known companies that have been involved in holding company tax avoidance scandals include Amazon, Google, and Starbucks."
Use of Offshore Bank Accounts,Reducing tax liability by transferring assets or profits to offshore bank accounts in countries with low or no taxation,"The individual or company may be required to pay back any taxes avoided, along with interest and possibly penalties, if it is determined that offshore bank accounts were used specifically to avoid paying tax. This could also result in the individual or company being charged with tax evasion.",The use of offshore bank accounts is a tax avoidance strategy used by individuals or companies to reduce their tax liability by transferring assets or profits to offshore bank accounts in countries with low or no taxation. This can be difficult to detect and can lead to significant losses in tax revenue for the country.,"The UK has laws in place to prevent tax evasion through the use of offshore bank accounts, including the Offshore Bank Account Rules and the Tax Avoidance Schemes Regulations.",The government could consider strengthening these laws or introducing similar measures to ensure that offshore bank accounts are not being used as a way of avoiding taxes. It could also consider providing clearer guidance on what constitutes an offshore bank account and establishing stronger verification processes for such claims.,"Some well-known companies that have been involved in offshore bank account tax avoidance scandals include Amazon, Google, and Starbucks."
Use of Double Taxation Treaties,Reducing tax liability by claiming relief against taxes paid in one country through credits or deductions against taxes owed in another country,"The individual or company may be required to pay back any taxes avoided, along with interest and possibly penalties, if it is determined that double taxation treaties were used specifically to avoid paying tax. This could also result in the individual or company being charged with tax evasion.",The use of double taxation treaties is a tax avoidance strategy used by individuals or companies to reduce their tax liability by claiming relief against taxes paid in one country through credits or deductions against taxes owed in another country. This can be difficult to detect and can lead to significant losses in tax revenue for the country.,"The UK has laws in place to prevent tax evasion through the use of double taxation treaties, including the Double Taxation Treaty Rules and the Tax Avoidance Schemes Regulations.",The government could consider strengthening these laws or introducing similar measures to ensure that double taxation treaties are not being used as a way of avoiding taxes. It could also consider providing clearer guidance on what constitutes a double taxation treaty and establishing stronger verification processes for such claims.,"Some well-known companies that have been involved in double taxation treaty tax avoidance scandals include Amazon, Google, and Starbucks."
Use of Tax Havens,Reducing tax liability by transferring assets or profits to countries with low or no taxation,"The individual or company may be required to pay back any taxes avoided, along with interest and possibly penalties, if it is determined that tax havens were used specifically to avoid paying tax. This could also result in the individual or company being charged with tax evasion.",The use of tax havens is a tax avoidance strategy used by individuals or companies to reduce their tax liability by transferring assets or profits to countries with low or no taxation. This can be difficult to detect and can lead to significant losses in tax revenue for the country.,"The UK has laws in place to prevent tax evasion through the use of tax havens, including the Tax Haven Rules and the Tax Avoidance Schemes Regulations.",The government could consider strengthening these laws or introducing similar measures to ensure that tax havens are not being used as a way of avoiding taxes. It could also consider providing clearer guidance on what constitutes a tax haven and establishing stronger verification processes for such claims.,"Some well-known companies that have been involved in tax haven tax avoidance scandals include Amazon, Google, and Starbucks."
Use of Offshore Companies,Reducing corporate tax liability by setting up companies in countries with low or no taxation and transferring profits to those companies,"The company may be required to pay back any taxes avoided, along with interest and possibly penalties, if it is determined that offshore companies were used specifically to avoid paying tax. This could also result in the company being charged with tax evasion.",The use of offshore companies is a tax avoidance strategy used by multinational companies to reduce their corporate tax liability by setting up companies in countries with low or no taxation and transferring profits to those companies. This can be difficult to detect and can lead to significant losses in tax revenue for the country.,"The UK has laws in place to prevent tax evasion through the use of offshore companies, including the Offshore Company Rules and the Tax Avoidance Schemes Regulations.",The government could consider strengthening these laws or introducing similar measures to ensure that offshore companies are not being used as a way of avoiding taxes. It could also consider providing clearer guidance on what constitutes an offshore company and establishing stronger verification processes for such claims.,"Some well-known companies that have been involved in offshore company tax avoidance scandals include Amazon, Google, and Starbucks."
Use of Transfer Pricing,Reducing corporate tax liability by artificially inflating the prices of goods or services sold between related entities located in different countries with different levels of taxation,"The company may be required to pay back any taxes avoided, along with interest and possibly penalties, if it is determined that transfer pricing was used specifically to avoid paying tax. This could also result in the company being charged with tax evasion.",Transfer pricing is an accounting practice used by multinational companies to reduce their corporate tax liability by artificially inflating the prices of goods or services sold between related entities located in different countries with different levels of taxation. This can be difficult to detect and can lead to significant losses in tax revenue for the country.,"The UK has laws in place to prevent tax evasion through the use of transfer pricing, including the Transfer Pricing Rules and the Tax Avoidance Schemes Regulations.",The government could consider strengthening these laws or introducing similar measures to ensure that transfer pricing is not being used as,
Use of Corporate Inversions,Reducing corporate tax liability by reincorporating in a country with lower tax rates,"The company may be required to pay back any taxes avoided, along with interest and possibly penalties, if it is determined that corporate inversions were used specifically to avoid paying tax. This could also result in the company being charged with tax evasion.",Corporate inversions are a tax avoidance strategy used by multinational companies to reduce their corporate tax liability by reincorporating in a country with lower tax rates. This can be difficult to detect and can lead to significant losses in tax revenue for the country.,"The UK has laws in place to prevent tax evasion through the use of corporate inversions, including the Corporate Inversion Rules and the Tax Avoidance Schemes Regulations.",The government could consider strengthening these laws or introducing similar measures to ensure that corporate inversions are not being used as a way of avoiding taxes. It could also consider providing clearer guidance on what constitutes a corporate inversion and establishing stronger verification processes for such claims.,"Some well-known companies that have been involved in corporate inversion tax avoidance scandals include Amazon, Google, and Starbucks."
Use of Debt-Financed Investments,"Reducing tax liability by using debt to finance investments, which can reduce taxable income and increase tax-deductible interest payments","The individual or company may be required to pay back any taxes avoided, along with interest and possibly penalties, if it is determined that debt-financed investments were used specifically to avoid paying tax. This could also result in the individual or company being charged with tax evasion.","Debt-financed investments are a tax avoidance strategy used by individuals or companies to reduce their tax liability by using debt to finance investments, which can reduce taxable income and increase tax-deductible interest payments. This can be difficult to detect and can lead to significant losses in tax revenue for the country.","The UK has laws in place to prevent tax evasion through the use of debt-financed investments, including the Debt-Financed Investment Rules and the Tax Avoidance Schemes Regulations.",The government could consider strengthening these laws or introducing similar measures to ensure that debt-financed investments are not being used as a way of avoiding taxes. It could also consider providing clearer guidance on what constitutes a debt-financed investment and establishing stronger verification processes for such claims.,"Some well-known companies that have been involved in debt-financed investment tax avoidance scandals include Amazon, Google, and Starbucks."
Use of Family Trusts,Reducing tax liability by transferring assets to a trust controlled by family members who may be subject to lower tax rates,"The individual or company may be required to pay back any taxes avoided, along with interest and possibly penalties, if it is determined that family trusts were used specifically to avoid paying tax. This could also result in the individual or company being charged with tax evasion.",Family trusts are a tax avoidance strategy used by individuals or companies to reduce their tax liability by transferring assets to a trust controlled by family members who may be subject to lower tax rates. This can be difficult to detect and can lead to significant losses in tax revenue for the country.,"The UK has laws in place to prevent tax evasion through the use of family trusts, including the Family Trust Rules and the Tax Avoidance Schemes Regulations.",The government could consider strengthening these laws or introducing similar measures to ensure that family trusts are not being used as a way of avoiding taxes. It could also consider providing clearer guidance on what constitutes a family trust and establishing stronger verification processes for such claims.,"Some well-known companies that have been involved in family trust tax avoidance scandals include Amazon, Google, and Starbucks."
Use of Investment Structures,Reducing tax liability by using investment structures such as limited partnerships or limited liability companies to channel income or capital gains through lower tax rates,"The individual or company may be required to pay back any taxes avoided, along with interest and possibly penalties, if it is determined that investment structures were used specifically to avoid paying tax. This could also result in the individual or company being charged with tax evasion.",Investment structures are a tax avoidance strategy used by individuals or companies to reduce their tax liability by using structures such as limited partnerships or limited liability companies to channel income or capital gains through lower tax rates. This can be difficult to detect and can lead to significant losses in tax revenue for the country.,"The UK has laws in place to prevent tax evasion through the use of investment structures, including the Investment Structure Rules and the Tax Avoidance Schemes Regulations.",The government could consider strengthening these laws or introducing similar measures to ensure that investment structures are not being used as a way of avoiding taxes. It could also consider providing clearer guidance on what constitutes an investment structure and establishing stronger verification processes for such claims.,"Some well-known companies that have been involved in investment structure tax avoidance scandals include Amazon, Google, and Starbucks."
Use of Special Purpose Entities,Reducing tax liability by transferring assets to a special purpose entity created for tax purposes,"The individual or company may be required to pay back any taxes avoided, along with interest and possibly penalties, if it is determined that special purpose entities were used specifically to avoid paying tax. This could also result in the individual or company being charged with tax evasion.",Special purpose entities are a tax avoidance strategy used by individuals or companies to reduce their tax liability by transferring assets to a special purpose entity created for tax purposes. This can be difficult to detect and can lead to significant losses in tax revenue for the country.,"The UK has laws in place to prevent tax evasion through the use of special purpose entities, including the Special Purpose Entity Rules and the Tax Avoidance Schemes Regulations.",The government could consider strengthening these laws or introducing similar measures to ensure that special purpose entities are not being used as a way of avoiding taxes. It could also consider providing clearer guidance on what constitutes a special purpose entity and establishing stronger verification processes for such claims.,"Some well-known companies that have been involved in special purpose entity tax avoidance scandals include Amazon, Google, and Starbucks."
Use of Base Erosion and Profit Shifting (BEPS),Reducing tax liability by shifting profits to countries with lower tax rates through tactics such as transfer pricing or reallocating income-generating assets,"The company may be required to pay back any taxes avoided, along with interest and possibly penalties, if it is determined that BEPS tactics were used specifically to avoid paying tax. This could also result in the company being charged with tax evasion.",Base erosion and profit shifting (BEPS) is a tax avoidance strategy used by multinational companies to reduce their tax liability by shifting profits to countries with lower tax rates through tactics such as transfer pricing or reallocating income-generating assets. This can be difficult to detect and can lead to significant losses in tax revenue for the country.,"The UK has laws in place to prevent tax evasion through the use of BEPS tactics, including the Base Erosion and Profit Shifting Rules and the Tax Avoidance Schemes Regulations.",The government could consider strengthening these laws or introducing similar measures to ensure that BEPS tactics are not being used as a way of avoiding taxes. It could also consider providing clearer guidance on what constitutes BEPS and establishing stronger verification processes for such claims.,"Some well-known companies that have been involved in BEPS tax avoidance scandals include Amazon, Google, and Starbucks."
Use of Corporate Veil,Reducing tax liability by separating the legal and financial responsibilities of a company through the use of corporate structures such as subsidiaries or holding companies,"The company may be required to pay back any taxes avoided, along with interest and possibly penalties, if it is determined that the corporate veil was used specifically to avoid paying tax. This could also result in the company being charged with tax evasion.",The corporate veil is a tax avoidance strategy used by companies to reduce their tax liability by separating the legal and financial responsibilities of the company through the use of corporate structures such as subsidiaries or holding companies. This can be difficult to detect and can lead to significant losses in tax revenue for the country.,"The UK has laws in place to prevent tax evasion through the use of the corporate veil, including the Corporate Veil Rules and the Tax Avoidance Schemes Regulations.",The government could consider strengthening these laws or introducing similar measures to ensure that the corporate veil is not being used as a way of avoiding taxes. It could also consider providing clearer guidance on what constitutes the corporate veil and establishing stronger verification processes for such claims.,"Some well-known companies that have been involved in corporate veil tax avoidance scandals include Amazon, Google, and Starbucks."
Use of Debt Restructuring,Reducing tax liability by restructuring debt in a way that allows for deductions or exemptions from taxes,"The individual or company may be required to pay back any taxes avoided, along with interest and possibly penalties, if it is determined that debt restructuring was used specifically to avoid paying tax. This could also result in the individual or company being charged with tax evasion.",Debt restructuring is a tax avoidance strategy used by individuals or companies to reduce their tax liability by restructuring debt in a way that allows for deductions or exemptions from taxes. This can be difficult to detect and can lead to significant losses in tax revenue for the country.,"The UK has laws in place to prevent tax evasion through debt restructuring, including the Debt Restructuring Rules and the Tax Avoidance Schemes Regulations.",The government could consider strengthening these laws or introducing similar measures to ensure that debt restructuring is not being used as a way of avoiding taxes. It could also consider providing clearer guidance on what constitutes debt restructuring and establishing stronger verification processes for such claims.,"Some well-known companies that have been involved in debt restructuring tax avoidance scandals include Amazon, Google, and Starbucks."
Use of Asset Leasing,Reducing tax liability by leasing assets rather than owning them outright,"The individual or company may be required to pay back any taxes avoided, along with interest and possibly penalties, if it is determined that asset leasing was used specifically to avoid paying tax. This could also result in the individual or company being charged with tax evasion.",Asset leasing is a tax avoidance strategy used by individuals or companies to reduce their tax liability by leasing assets rather than owning them outright. This can be difficult to detect and can lead to significant losses in tax revenue for the country.,"The UK has laws in place to prevent tax evasion through asset leasing, including the Asset Leasing Rules and the Tax Avoidance Schemes Regulations.",The government could consider strengthening these laws or introducing similar measures to ensure that asset leasing is not being used as a way of avoiding taxes. It could also consider providing clearer guidance on what constitutes asset leasing and establishing stronger verification processes for such claims.,"Some well-known companies that have been involved in asset leasing tax avoidance scandals include Amazon, Google, and Starbucks."
Use of Offshore Shell Companies,Reducing tax liability by setting up offshore shell companies in countries with low or no taxation and transferring assets or profits to those companies,"The individual or company may be required to pay back any taxes avoided, along with interest and possibly penalties, if it is determined that offshore shell companies were used specifically to avoid paying tax. This could also result in the individual or company being charged with tax evasion.",The use of offshore shell companies is a tax avoidance strategy used by individuals or companies to reduce their tax liability by setting up offshore shell companies in countries with low or no taxation and transferring assets or profits to those companies. This can be difficult to detect and can lead to significant losses in tax revenue for the country.,"The UK has laws in place to prevent tax evasion through the use of offshore shell companies, including the Offshore Shell Company Rules and the Tax Avoidance Schemes Regulations.",The government could consider strengthening these laws or introducing similar measures to ensure that offshore shell companies are not being used as a way of avoiding taxes. It could also consider providing clearer guidance on what constitutes an offshore shell company and establishing stronger verification processes for such claims.,"Some well-known companies that have been involved in offshore shell company tax avoidance scandals include Amazon, Google, and Starbucks"
Use of Intellectual Property (IP) Transfer,Reducing tax liability by transferring ownership of intellectual property (IP) to a low-tax jurisdiction,"The individual or company may be required to pay back any taxes avoided, along with interest and possibly penalties, if it is determined that IP transfer was used specifically to avoid paying tax. This could also result in the individual or company being charged with tax evasion.",IP transfer is a tax avoidance strategy used by individuals or companies to reduce their tax liability by transferring ownership of intellectual property (IP) to a low-tax jurisdiction. This can be difficult to detect and can lead to significant losses in tax revenue for the country.,"The UK has laws in place to prevent tax evasion through IP transfer, including the Intellectual Property Transfer Rules and the Tax Avoidance Schemes Regulations.",The government could consider strengthening these laws or introducing similar measures to ensure that IP transfer is not being used as a way of avoiding taxes. It could also consider providing clearer guidance on what constitutes IP transfer and establishing stronger verification processes for such claims.,"Some well-known companies that have been involved in IP transfer tax avoidance scandals include Amazon, Google, and Starbucks."
Use of Tax Credits,Reducing tax liability by claiming credits for taxes paid in other countries or for certain types of income or investments,"The individual or company may be required to pay back any taxes avoided, along with interest and possibly penalties, if it is determined that tax credits were claimed improperly or fraudulently. This could also result in the individual or company being charged with tax evasion.",Tax credits are a tax avoidance strategy used by individuals or companies to reduce their tax liability by claiming credits for taxes paid in other countries or for certain types of income or investments. This can be difficult to detect and can lead to significant losses in tax revenue for the country.,"The UK has laws in place to prevent tax evasion through the improper or fraudulent use of tax credits, including the Tax Credits Rules and the Tax Avoidance Schemes Regulations.",The government could consider strengthening these laws or introducing similar measures to ensure that tax credits are not being claimed improperly or fraudulently. It could also consider providing clearer guidance on what qualifies for tax credits and establishing stronger verification processes for such claims.,"Some well-known companies that have been involved in tax credit tax avoidance scandals include Amazon, Google, and Starbucks."
Use of Trusts,"Reducing tax liability by transferring assets or income into trusts, which can be established in low-tax jurisdictions or in countries with more favorable tax treatment","The individual or company may be required to pay back any taxes avoided, along with interest and possibly penalties, if it is determined that trusts were used specifically to avoid paying tax. This could also result in the individual or company being charged with tax evasion.","Trusts are a tax avoidance strategy used by individuals or companies to reduce their tax liability by transferring assets or income into trusts, which can be established in low-tax jurisdictions or in countries with more favorable tax treatment. This can be difficult to detect and can lead to significant losses in tax revenue for the country.","The UK has laws in place to prevent tax evasion through the use of trusts, including the Trusts Rules and the Tax Avoidance Schemes Regulations.",The government could consider strengthening these laws or introducing similar measures to ensure that trusts are not being used as a way of avoiding taxes. It could also consider providing clearer guidance on what constitutes trusts and establishing stronger verification processes for such claims.,"Some well-known companies that have been involved in trust tax avoidance scandals include Amazon, Google, and Starbucks."
Use of Insurance Products,Reducing tax liability by using insurance products as a way of sheltering income or assets from taxes,"The individual or company may be required to pay back any taxes avoided, along with interest and possibly penalties, if it is determined that insurance products were used specifically to avoid paying tax. This could also result in the individual or company being charged with tax evasion.",Insurance products are a tax avoidance strategy used by individuals or companies to reduce their tax liability by using insurance products as a way of sheltering income or assets from taxes. This can be difficult to detect and can lead to significant losses in tax revenue for the country.,"The UK has laws in place to prevent tax evasion through the use of insurance products, including the Insurance Products Rules and the Tax Avoidance Schemes Regulations.",The government could consider strengthening these laws or introducing similar measures to ensure that insurance products are not being used as a way of avoiding taxes. It could also consider providing clearer guidance on what constitutes insurance products and establishing stronger verification processes for such claims.,"Some well-known companies that have been involved in insurance product tax avoidance scandals include Amazon, Google, and Starbucks."
Use of Derivatives,"Reducing tax liability by using derivatives, which are financial instruments that derive their value from an underlying asset, to shelter income or assets from taxes","The individual or company may be required to pay back any taxes avoided, along with interest and possibly penalties, if it is determined that derivatives were used specifically to avoid paying tax. This could also result in the individual or company being charged with tax evasion.","Derivatives are a tax avoidance strategy used by individuals or companies to reduce their tax liability by using derivatives, which are financial instruments that derive their value from an underlying asset, to shelter income or assets from taxes. This can be difficult to detect and can lead to significant losses in tax revenue for the country.","The UK has laws in place to prevent tax evasion through the use of derivatives, including the Derivatives Rules and the Tax Avoidance Schemes Regulations.",The government could consider strengthening these laws or introducing similar measures to ensure that derivatives are not being used as a way of avoiding taxes. It could also consider providing clearer guidance on what constitutes derivatives and establishing stronger verification processes for such claims.,"Some well-known companies that have been involved in derivative tax avoidance scandals include Amazon, Google, and Starbucks."
Use of Employee Benefit Trusts (EBTs),"Reducing tax liability by using employee benefit trusts (EBTs) to pay employee bonuses and other benefits, which can be taxed at a lower rate than regular income","The individual or company may be required to pay back any taxes avoided, along with interest and possibly penalties, if it is determined that EBTs were used specifically to avoid paying tax. This could also result in the individual or company being charged with tax evasion.","EBTs are a tax avoidance strategy used by individuals or companies to reduce their tax liability by using EBTs to pay employee bonuses and other benefits, which can be taxed at a lower rate than regular income. This can be difficult to detect and can lead to significant losses in tax revenue for the country.","The UK has laws in place to prevent tax evasion through the use of EBTs, including the Employee Benefit Trusts Rules and the Tax Avoidance Schemes Regulations.",The government could consider strengthening these laws or introducing similar measures to ensure that EBTs are not being used as a way of avoiding taxes. It could also consider providing clearer guidance on what constitutes EBTs and establishing stronger verification processes for such claims.,"Some well-known companies that have been involved in EBT tax avoidance scandals include Amazon, Google, and Starbucks."
Use of Debt Interest Deductions,Reducing tax liability by using debt interest deductions to offset the taxes paid on profits earned through the use of borrowed funds,"The individual or company may be required to pay back any taxes avoided, along with interest and possibly penalties, if it is determined that debt interest deductions were used specifically to avoid paying tax. This could also result in the individual or company being charged with tax evasion.",Debt interest deductions are a tax avoidance strategy used by individuals or companies to reduce their tax liability by using debt interest deductions to offset the taxes paid on profits earned through the use of borrowed funds. This can be difficult to detect and can lead to significant losses in tax revenue for the country.,"The UK has laws in place to prevent tax evasion through the use of debt interest deductions, including the Debt Interest Deductions Rules and the Tax Avoidance Schemes Regulations.",The government could consider strengthening these laws or introducing similar measures to ensure that debt interest deductions are not being used as a way of avoiding taxes. It could also consider providing clearer guidance on what constitutes debt interest deductions and establishing stronger verification processes for such claims.,"Some well-known companies that have been involved in debt interest deduction tax avoidance scandals include Amazon, Google, and Starbucks."
Use of Capital Allowances,"Reducing tax liability by using capital allowances, which are deductions from taxable profits allowed for the purchase of assets such as machinery or equipment, to reduce the amount of tax owed on profits earned from those assets","The individual or company may be required to pay back any taxes avoided, along with interest and possibly penalties, if it is determined that capital allowances were used specifically to avoid paying tax. This could also result in the individual or company being charged with tax evasion.","Capital allowances are a tax avoidance strategy used by individuals or companies to reduce their tax liability by using capital allowances, which are deductions from taxable profits allowed for the purchase of assets such as machinery or equipment, to reduce the amount of tax owed on profits earned from those assets. This can be difficult to detect and can lead to significant losses in tax revenue for the country.","The UK has laws in place to prevent tax evasion through the use of capital allowances, including the Capital Allowances Rules and the Tax Avoidance Schemes Regulations.",The government could consider strengthening these laws or introducing similar measures to ensure that capital allowances are not being used as a way of avoiding taxes. It could also consider providing clearer guidance on what constitutes capital allowances and establishing stronger verification processes for such claims.,"Some well-known companies that have been involved in capital allowance tax avoidance scandals include Amazon, Google, and Starbucks."
Use of Film Partnership Schemes,"Reducing tax liability by investing in film partnership schemes, which offer tax breaks for investments in films or television productions","The individual or company may be required to pay back any taxes avoided, along with interest and possibly penalties, if it is determined that film partnership schemes were used specifically to avoid paying tax. This could also result in the individual or company being charged with tax evasion.","Film partnership schemes are a tax avoidance strategy used by individuals or companies to reduce their tax liability by investing in film partnership schemes, which offer tax breaks for investments in films or television productions. This can be difficult to detect and can lead to significant losses in tax revenue for the country.","The UK has laws in place to prevent tax evasion through the use of film partnership schemes, including the Film Partnership Scheme Rules and the Tax Avoidance Schemes Regulations.",The government could consider strengthening these laws or introducing similar measures to ensure that film partnership schemes are not being used as a way of avoiding taxes. It could also consider providing clearer guidance on what constitutes film partnership schemes and establishing stronger verification processes for such claims.,"Some well-known companies that have been involved in film partnership scheme tax avoidance scandals include Amazon, Google, and Starbucks."
Use of Employee Stock Option Plans (ESOPs),Reducing tax liability by using employee stock option plans (ESOPs) to provide employees with the option to purchase company stock at a discounted rate,"The individual or company may be required to pay back any taxes avoided, along with interest and possibly penalties, if it is determined that ESOPs were used specifically to avoid paying tax. This could also result in the individual or company being charged with tax evasion.",ESOPs are a tax avoidance strategy used by individuals or companies to reduce their tax liability by using ESOPs to provide employees with the option to purchase company stock at a discounted rate. This can be difficult to detect and can lead to significant losses in tax revenue for the country.,"The UK has laws in place to prevent tax evasion through the use of ESOPs, including the Employee Stock Option Plans Rules and the Tax Avoidance Schemes Regulations.",The government could consider strengthening these laws or introducing similar measures to ensure that ESOPs are not being used as a way of avoiding taxes. It could also consider providing clearer guidance on what constitutes ESOPs and establishing stronger verification processes for such claims.,"Some well-known companies that have been involved in ESOP tax avoidance scandals include Amazon, Google, and Starbucks."
Use of Offshore Holding Companies,"Reducing tax liability by setting up offshore holding companies in low-tax jurisdictions to hold assets such as intellectual property, investments, or other assets","The individual or company may be required to pay back any taxes avoided, along with interest and possibly penalties, if it is determined that offshore holding companies were used specifically to avoid paying tax. This could also result in the individual or company being charged with tax evasion.","Offshore holding companies are a tax avoidance strategy used by individuals or companies to reduce their tax liability by setting up offshore holding companies in low-tax jurisdictions to hold assets such as intellectual property, investments, or other assets. This can be difficult to detect and can lead to significant losses in tax revenue for the country.","The UK has laws in place to prevent tax evasion through the use of offshore holding companies, including the Offshore Holding Company Rules and the Tax Avoidance Schemes Regulations.",The government could consider strengthening these laws or introducing similar measures to ensure that offshore holding companies are not being used as a way of avoiding taxes. It could also consider providing clearer guidance on what constitutes offshore holding companies and establishing stronger verification processes for such claims.,"Some well-known companies that have been involved in offshore holding company tax avoidance scandals include Amazon, Google, and Starbucks."
Use of Insufficient Transfer Pricing,"Reducing tax liability by setting artificially low prices for goods or services sold between related parties within a company group, resulting in lower profits and thus lower taxes owed in high-tax jurisdictions","The individual or company may be required to pay back any taxes avoided, along with interest and possibly penalties, if it is determined that insufficient transfer pricing was used specifically to avoid paying tax. This could also result in the individual or company being charged with tax evasion.","Insufficient transfer pricing is a tax avoidance strategy used by individuals or companies to reduce their tax liability by setting artificially low prices for goods or services sold between related parties within a company group, resulting in lower profits and thus lower taxes owed in high-tax jurisdictions. This can be difficult to detect and can lead to significant losses in tax revenue for the country.","The UK has laws in place to prevent tax evasion through the use of insufficient transfer pricing, including the Transfer Pricing Rules and the Tax Avoidance Schemes Regulations.",The government could consider strengthening these laws or introducing similar measures to ensure that insufficient transfer pricing is not being used as a way of avoiding taxes. It could also consider providing clearer guidance on what constitutes insufficient transfer pricing and establishing stronger verification processes,
Use of Deferred Compensation Plans,"Reducing tax liability by deferring compensation such as salary or bonuses until a later date, when it may be taxed at a lower rate","The individual or company may be required to pay back any taxes avoided, along with interest and possibly penalties, if it is determined that deferred compensation plans were used specifically to avoid paying tax. This could also result in the individual or company being charged with tax evasion.","Deferred compensation plans are a tax avoidance strategy used by individuals or companies to reduce their tax liability by deferring compensation such as salary or bonuses until a later date, when it may be taxed at a lower rate. This can be difficult to detect and can lead to significant losses in tax revenue for the country.","The UK has laws in place to prevent tax evasion through the use of deferred compensation plans, including the Deferred Compensation Plan Rules and the Tax Avoidance Schemes Regulations.",The government could consider strengthening these laws or introducing similar measures to ensure that deferred compensation plans are not being used as a way of avoiding taxes. It could also consider providing clearer guidance on what constitutes deferred compensation plans and,
Use of Self-Managed Superannuation Funds (SMSFs),"Reducing tax liability by setting up self-managed superannuation funds (SMSFs), which are tax-exempt retirement funds that allow individuals to manage their own investments and minimize taxes on those investments","The individual or company may be required to pay back any taxes avoided, along with interest and possibly penalties, if it is determined that SMSFs were used specifically to avoid paying tax. This could also result in the individual or company being charged with tax evasion.","SMSFs are a tax avoidance strategy used by individuals to reduce their tax liability by setting up SMSFs, which are tax-exempt retirement funds that allow individuals to manage their own investments and minimize taxes on those investments. This can be difficult to detect and can lead to significant losses in tax revenue for the country.","The UK has laws in place to prevent tax evasion through the use of SMSFs, including the Self-Managed Superannuation Fund Rules and the Tax Avoidance Schemes Regulations.",The government could consider strengthening these laws or introducing similar measures to ensure that SMSFs are not being used as a way of avoiding taxes. It could also consider providing clearer guidance on what constitutes SMSFs and establishing stronger verification processes for such claims.,"Some well-known companies that have been involved in SMSF tax avoidance scandals include Amazon, Google, and Starbucks."
Use of Pre-Acquisition Tax Planning,"Reducing tax liability by using pre-acquisition tax planning strategies such as transferring assets into tax-exempt trusts or companies, or restructuring the company in a way that minimizes taxes on the acquisition","The individual or company may be required to pay back any taxes avoided, along with interest and possibly penalties, if it is determined that pre-acquisition tax planning strategies were used specifically to avoid paying tax. This could also result in the individual or company being charged with tax evasion.","Pre-acquisition tax planning is a tax avoidance strategy used by individuals or companies to reduce their tax liability by using pre-acquisition tax planning strategies such as transferring assets into tax-exempt trusts or companies, or restructuring the company in a way that minimizes taxes on the acquisition. This can be difficult to detect and can lead to significant losses in tax revenue for the country.","The UK has laws in place to prevent tax evasion through the use of pre-acquisition tax planning strategies, including the Pre-Acquisition Tax Planning Rules and the Tax Avoidance Schemes Regulations.",The government could consider strengthening these laws or introducing similar measures to ensure that pre-acquisition tax planning strategies are not being used as a way of avoiding taxes. It could also consider providing clearer guidance on what constitutes pre-acquisition tax planning and establishing stronger verification processes for such claims.,"Some well-known companies that have been involved in pre-acquisition tax avoidance scandals include Amazon, Google, and Starbucks."
Use of Contingent Fee Arrangements,"Reducing tax liability by using contingency fee arrangements, where a company or individual pays a fee based on the outcome of a business transaction or event, rather than a fixed fee, thus potentially lowering the amount of taxable income","The individual or company may be required to pay back any taxes avoided, along with interest and possibly penalties, if it is determined that contingency fee arrangements were used specifically to avoid paying tax. This could also result in the individual or company being charged with tax evasion.","Contingency fee arrangements are a tax avoidance strategy used by individuals or companies to reduce their tax liability by using contingency fee arrangements, where a company or individual pays a fee based on the outcome of a business transaction or event, rather than a fixed fee, thus potentially lowering the amount of taxable income. This can be difficult to detect and can lead to significant",,,
Use of Artificial Losses,"Reducing tax liability by claiming artificial losses through the use of tax havens or other methods, such as transferring assets to a low-tax jurisdiction or entering into transactions that are structured specifically to create losses","The individual or company may be required to pay back any taxes avoided, along with interest and possibly penalties, if it is determined that artificial losses were claimed through the use of tax havens or other methods. This could also result in the individual or company being charged with tax evasion.","Artificial losses are a tax avoidance strategy used by individuals or companies to reduce their tax liability by claiming artificial losses through the use of tax havens or other methods, such as transferring assets to a low-tax jurisdiction or entering into transactions that are structured specifically to create losses. This can be difficult to detect and can lead to significant losses in tax revenue for the country.","The UK has laws in place to prevent tax evasion through the use of artificial losses, including the Artificial Losses Rules and the Tax Avoidance Schemes Regulations.",The government could consider strengthening these laws or introducing similar measures to ensure that artificial losses are not being claimed as a way of avoiding taxes. It could also consider providing clearer guidance on what constitutes artificial losses and establishing stronger verification processes for such claims.,"Some well-known companies that have been involved in artificial loss tax avoidance scandals include Amazon, Google, and Starbucks."
Use of Private Annuities,"Reducing tax liability by setting up private annuities, which are contracts that allow individuals to receive a stream of income in exchange for transferring assets to an annuity provider","The individual or company may be required to pay back any taxes avoided, along with interest and possibly penalties, if it is determined that private annuities were used specifically to avoid paying tax. This could also result in the individual or company being charged with tax evasion.","Private annuities are a tax avoidance strategy used by individuals to reduce their tax liability by setting up private annuities, which are contracts that allow individuals to receive a stream of income in exchange for transferring assets to an annuity provider. This can be difficult to detect and can lead to significant losses in tax revenue for the country.","The UK has laws in place to prevent tax evasion through the use of private annuities, including the Private Annuities Rules and the Tax Avoidance Schemes Regulations.",The government could consider,
Use of Offshore Lease Financing,"Reducing tax liability by using offshore lease financing, where a company or individual leases an asset from an offshore entity in a low-tax jurisdiction, thus potentially reducing the amount of taxable income","The individual or company may be required to pay back any taxes avoided, along with interest and possibly penalties, if it is determined that offshore lease financing was used specifically to avoid paying tax. This could also result in the individual or company being charged with tax evasion.","Offshore lease financing is a tax avoidance strategy used by individuals or companies to reduce their tax liability by using offshore lease financing, where a company or individual leases an asset from an offshore entity in a low-tax jurisdiction, thus potentially reducing the amount of taxable income. This can be difficult to detect and can lead to significant losses in tax revenue for the country.","The UK has laws in place to prevent tax evasion through the use of offshore lease financing, including the Offshore Lease Financing Rules and the Tax Avoidance Schemes Regulations.",The government could consider strengthening these laws or introducing similar measures to ensure that offshore lease financing is not being used as a way of avoiding taxes. It could also consider providing clearer guidance on what constitutes offshore lease financing and establishing stronger verification processes for such claims.,"Some well-known companies that have been involved in offshore lease financing tax avoidance scandals include Amazon, Google, and Starbucks."
Use of Captive Insurance Companies,"Reducing tax liability by setting up captive insurance companies, which are insurance companies owned by the insured that are used to insure the risks of the owner or affiliated companies","The individual or company may be required to pay back any taxes avoided, along with interest and possibly penalties, if it is determined that captive insurance companies were used specifically to avoid paying tax. This could also result in the individual or company being charged with tax evasion.","Captive insurance companies are a tax avoidance strategy used by individuals or companies to reduce their tax liability by setting up captive insurance companies, which are insurance companies owned by the insured that are used to insure the risks of the owner or affiliated companies. This can be difficult to detect and can lead to significant losses in tax revenue for the country.","The UK has laws in place to prevent tax evasion through the use of captive insurance companies, including the Captive Insurance Rules and the Tax Avoidance Schemes Regulations.",The government could consider strengthening these laws or introducing similar measures to ensure that captive insurance companies are not being used as a way of avoiding taxes. It could also consider providing clearer guidance on what constitutes captive insurance companies and establishing stronger verification processes for such claims.,"Some well-known companies that have been involved in captive insurance companies tax avoidance scandals include Amazon, Google, and Starbucks."
Use of Offshore Trusts,"Reducing tax liability by setting up offshore trusts, which are trusts established in a jurisdiction outside of the individual or company's home country","The individual or company may be required to pay back any taxes avoided, along with interest and possibly penalties, if it is determined that offshore trusts were used specifically to avoid paying tax. This could also result in the individual or company being charged with tax evasion.","Offshore trusts are a tax avoidance strategy used by individuals or companies to reduce their tax liability by setting up offshore trusts, which are trusts established in a jurisdiction outside of the individual or company's home country. This can be difficult to detect and can lead to significant losses in tax revenue for the country.","The UK has laws in place to prevent tax evasion through the use of offshore trusts, including the Offshore Trust Rules and the Tax Avoidance Schemes Regulations.",The government could consider strengthening these laws or introducing similar measures to ensure that offshore trusts are not being used as a way of avoiding taxes. It could also consider providing clearer guidance on what constitutes offshore trusts and establishing stronger verification processes for such claims.,"Some well-known companies that have been involved in offshore trusts tax avoidance scandals include Amazon, Google, and Starbucks."
Use of Complex Corporate Structures,"Reducing tax liability by setting up complex corporate structures, which involve creating multiple layers of ownership or interrelated entities in order to obscure the ownership and control of assets","The individual or company may be required to pay back any taxes avoided, along with interest and possibly penalties, if it is determined that complex corporate structures were used specifically to avoid paying tax. This could also result in the individual or company being charged with tax evasion.","Complex corporate structures are a tax avoidance strategy used by individuals or companies to reduce their tax liability by setting up complex corporate structures, which involve creating multiple layers of ownership or interrelated entities in order to obscure the ownership and control of assets. This can be difficult to detect and can lead to significant losses in tax revenue for the country.","The UK has laws in place to prevent tax evasion through the use of complex corporate structures, including the Complex Corporate Structure Rules and the Tax Avoidance Schemes Regulations.",The government could consider strengthening these laws or introducing similar measures to ensure that complex corporate structures are not being used as a way of avoiding taxes. It could also consider providing clearer guidance on what constitutes complex corporate structures and establishing stronger verification processes for such claims.,"Some well-known companies that have been involved in complex corporate structures tax avoidance scandals include Amazon, Google, and Starbucks."
Use of Controlled Foreign Companies (CFCs),Reducing tax liability by setting up companies in low-tax jurisdictions outside of the UK and transferring assets into these companies,"The individual or company may be required to pay back any taxes avoided, along with interest and possibly penalties, if it is determined that CFCs were used specifically to avoid paying tax. This could also result in the individual or company being charged with tax evasion.",CFCs are a tax avoidance strategy used by individuals or companies to reduce their tax liability by setting up companies in low-tax jurisdictions outside of the UK and transferring assets into these companies. This can be difficult to detect and can lead to significant losses in tax revenue for the countries involved.,"The UK has laws in place to prevent tax evasion through the use of CFCs, including the Controlled Foreign Companies Rules and the Tax Avoidance Schemes Regulations.",The government could consider strengthening these laws or introducing similar measures to ensure that CFCs are not being used as a way of avoiding taxes. It could also consider providing clearer guidance on what constitutes CFCs and establishing stronger verification processes for such claims.,"Some well-known companies that have been involved in CFCs tax avoidance scandals include Amazon, Google, and Starbucks."
Use of Royalty Payments,"Reducing tax liability by making payments for using intellectual property rights, such as patents or trademarks, to another company in a jurisdiction where they are taxed at a lower rate","The individual or company may be required to pay back any taxes avoided, along with interest and possibly penalties, if it is determined that royalty payments were used specifically to avoid paying tax. This could also result in the individual or company being charged with tax evasion.","Royalty payments are a tax avoidance strategy used by individuals or companies to reduce their tax liability by making payments for using intellectual property rights, such as patents or trademarks, to another company in a jurisdiction where they are taxed at a lower rate. This can be difficult to detect and can lead to significant losses in tax revenue for the countries involved.","The UK has laws in place to prevent tax evasion through the use of royalty payments, including the Royalty Payments Rules and the Tax Avoidance Schemes Regulations.",The government could consider strengthening these laws or introducing similar measures to ensure that royalty payments are not being used as a way of avoiding taxes. It could also consider providing clearer guidance on what constitutes royalty payments and establishing stronger verification processes for such claims.,"Some well-known companies that have been involved in royalty payments tax avoidance scandals include Amazon, Google, and Starbucks."